Feature,Importance
year,25.838387879392727
mileage,12.120803600520293
tax,0.0
mpg,11.281569431692398
engineSize,19.56409284766875
model_encoded,25.87296779255868
transmission_encoded,1.8891196384365783
fuelType_encoded,3.4330588097305745
